"Block","Year","BAM","BAPERCM"
1,1964,25.0011870363493,0
1,1984,29.192758859631,0.167654912432263
1,1988,17.1261370966417,-0.31498704154559
1,1996,15.5678482355989,-0.377315636534988
1,2014,17.5494685114236,-0.298054588931782
2,1964,35.3036474447153,0
2,1984,43.5380759490395,0.233245828698554
2,1988,44.6795147348591,0.26557786429366
2,1996,37.5800847514146,0.0644816462736374
2,2014,46.0154735281222,0.303419812363054
3,1964,48.8714007174062,0
3,1984,52.9953497588195,0.0843836882282042
3,1988,52.3776341033074,0.0717440739252711
3,1996,43.5856318078332,-0.108156689433507
3,2014,33.3048157134579,-0.318521359638544
4,1964,73.1873278561912,0
4,1984,68.9533052621778,-0.0578518538391371
4,1988,65.1629933605758,-0.109641036647529
4,1996,57.5648159084199,-0.213459247733004
4,2014,34.4872846159672,-0.528780656075698
5,1964,27.0550032336336,0
5,1984,30.9942658969239,0.145602003048117
5,1988,30.8120142531075,0.138865665142608
5,1996,7.33014069394247,-0.729065244212207
5,2014,8.6070993233903,-0.681866631134225
6,1964,37.1650410919673,0
6,1984,41.8000879882114,0.12471523668639
6,1988,41.9374933968978,0.128412404902789
6,1996,43.6863394873349,0.175468617920541
6,2014,47.6725256167744,0.282724953775935
7,1964,45.9850624669206,0
7,1984,7.11578590019722,-0.845258753202391
7,1988,6.67370490897488,-0.854872331340734
8,1964,61.5909239736279,0
8,1984,29.1397248486476,-0.526882810507524
8,1988,31.2081690867252,-0.49329922213721
8,1996,35.5972096432392,-0.422038064269319
8,2014,18.7594939646603,-0.695417883766564
9,1964,36.3933873964293,0
9,1984,35.3473548525084,-0.0287423792824385
9,1988,36.2147485841645,-0.00490855138926359
9,1996,28.1711718335459,-0.225926085783653
9,2014,35.9235595731025,-0.0129097030240411
10,1964,32.4958490105694,0
10,1984,18.2466842913149,-0.438491842900302
10,1988,18.7805194229761,-0.422064048338369
10,1996,19.3610268404973,-0.4042
10,2014,20.8843103674815,-0.357323750467674
11,1964,45.5923633852219,0
11,1984,27.401854697544,-0.398981481481481
11,1988,27.6027791826951,-0.394574504737295
11,1996,21.5651486113018,-0.527000861326443
11,2014,27.2697096787954,-0.401879883953669
12,1964,36.3305555433575,0
12,1984,39.4338404015275,0.0854180403177864
12,1988,37.3846776883614,0.0290147543641572
12,1996,41.4379997999311,0.140582608225693
12,2014,50.4618648496049,0.388964856025472
13,1964,42.1474106910198,0
13,1984,40.1906500717773,-0.0464265915073024
13,1988,38.5094267632088,-0.0863157159162376
13,1996,33.9119611690832,-0.195396333651674
13,2014,42.3080102981407,0.00381042641737211
14,1964,37.4895087082208,0
14,1984,44.3256143224322,0.182347164573868
14,1988,43.0205770991769,0.147536433032616
14,1996,40.1223007966077,0.0702274363976797
14,2014,48.1384496516481,0.284051226872764
15,1964,59.125264614412,0
15,1984,58.6144023790302,-0.00864033740421236
15,1988,40.7256240307755,-0.31119760230471
15,1996,41.2338944522182,-0.302601100880871
15,2014,43.6998428536369,-0.260893915001865
16,1964,41.0758330718344,0
16,1984,15.2693576635997,-0.628264200097994
16,1988,16.7935013394887,-0.59115859415146
16,1996,18.6182954323264,-0.546733589072527
16,2014,23.4973379799309,-0.427952247764806
17,1964,53.437018416006,0
17,1984,49.1837535669894,-0.0795939776412123
17,1988,46.5371581058808,-0.129121356592352
17,1996,27.0778190502803,-0.49327601252974
17,2014,28.4034353701141,-0.468468933857911
18,1964,41.101849385997,0
18,1984,37.2996583371736,-0.0925065685759328
18,1988,37.4164274091167,-0.089665599770697
18,1996,42.2969308663766,0.0290760999378971
18,2014,45.2420325284917,0.100729850465203
19,1964,32.8806941106342,0
19,1984,35.6419184336906,0.083977069150842
19,1988,35.5731764594392,0.0818864206377643
19,1996,35.0069240185837,0.0646649946255822
19,2014,41.8588467890981,0.273052407234928
20,1964,30.9564686103104,0
20,1984,33.8148074162709,0.0923341367499682
20,1988,35.5739422226485,0.149160218191044
20,1996,39.5515715862208,0.277651274895344
20,2014,45.8022028834779,0.479568081878143
21,1964,72.8957487880299,0
21,1984,75.4923929259464,0.0356213384331526
21,1988,75.1990270769634,0.0315968808500896
21,1996,76.3872755933214,0.047897536733512
21,2014,83.4738182034901,0.145112295179513
22,1964,40.3675021032203,0
22,1984,29.3951952362467,-0.271810399338489
22,1988,30.792477473793,-0.237196361690744
22,1996,23.0806332724394,-0.428237268349628
22,2014,27.7642824618872,-0.312212026622467
23,1964,34.9904699270606,0
23,1984,48.4218388086775,0.383857916444544
23,1988,49.6540696221859,0.41907410005331
23,1996,50.8563374957606,0.453433966499257
23,2014,49.8195780418202,0.423804199991358
24,1964,51.4671416474348,0
24,1984,54.1406762655479,0.0519464367465282
24,1988,53.6448936749032,0.0423134442240196
24,1996,55.2411172672381,0.0733278650999542
24,2014,17.4843645517824,-0.660281026066
27,1964,20.0752679302909,0
27,1984,23.6219100516988,0.176667237205663
27,1988,21.6693316776764,0.0794043572878205
27,1996,24.2318306304392,0.207048927794214
27,2014,30.0551687263387,0.497124164454586
28,1964,61.9674242182065,0
28,1984,69.4993926051881,0.121547223916539
28,1988,62.2417441617272,0.00442684115051599
28,1996,61.0705976903771,-0.0144725481032011
28,2014,64.442085129268,0.0399348680743514
29,1964,25.5980896405313,0
29,1984,31.1643438692076,0.21744803252282
29,1988,26.3743968201875,0.0303267622919386
29,1996,26.0008614536756,0.0157344481092276
29,2014,27.9674029045786,0.0925582063864558
30,1964,49.5748229474991,0
30,1984,24.7025786546256,-0.501711207707465
30,1988,18.1756253924815,-0.633369837513491
30,1996,6.14644748693209,-0.876016753636391
30,2014,9.16150561986363,-0.815198419779212
31,1964,53.0757352608432,0
31,1984,59.2436830224983,0.116210312138728
31,1988,40.8357172183297,-0.230614196531792
31,1996,4.04721564084931,-0.923746404624277
31,2014,16.1055352592811,-0.696555588346923
32,1964,36.4125314766621,0
32,1984,41.3830415634473,0.136505479987598
32,1988,24.8286154248968,-0.318129928955634
32,1996,18.9706643183346,-0.479007266207417
32,2014,26.156816483284,-0.281653446697361
33,1964,63.8248908746415,0
33,1984,75.9663218126945,0.19023034386224
33,1988,45.4168661656107,-0.288414511278774
33,1996,44.7128548868953,-0.299444867446529
33,2014,47.9934217595154,-0.248045376939551
34,1964,40.5663060133303,0
34,1984,6.03064052773914,-0.85133868176813
34,1988,2.3219707652223,-0.942761099212255
34,1996,5.57891877406109,-0.862474074611875
34,2014,8.60839245650893,-0.787794519577894
35,1964,68.5225536394625,0
35,1984,72.97159861566,0.0649281840779982
35,1988,40.890341660594,-0.403257183383121
35,1996,42.74757269758,-0.37615324550658
35,2014,47.0717654355204,-0.313047121927291
36,1964,39.542834031653,0
36,1984,39.7655140459303,0.00563136203386457
36,1988,15.0142014352659,-0.620305377625503
36,1996,16.2093221855537,-0.590081930582452
36,2014,20.9289247534835,-0.470727749641554
37,1964,28.1152907542202,0
37,1984,29.0301618048537,0.0325399818423075
37,1988,29.6172272970392,0.0534206299322579
37,1996,32.8355140812847,0.167888120678818
37,2014,33.9239258567615,0.206600570249109
38,1964,54.5989168239821,0
38,1984,54.25907503868,-0.00622433200273315
38,1988,55.2645810373696,0.012191894127378
38,1996,60.060124048304,0.100024094652426
38,2014,53.6798289400208,-0.0168334453762934
39,1964,41.9068825034793,0
39,1984,36.0761847131871,-0.139134610879445
39,1988,34.076521719269,-0.186851426697278
39,1996,36.1171039575001,-0.138158178325446
39,2014,27.4675569116016,-0.344557378866798
40,1964,35.3173919125748,0
40,1984,38.1198889091177,0.0793517540445877
40,1988,33.6377197653789,-0.0475593484183021
40,1996,36.0471446160955,0.0206627008394952
40,2014,43.2599050800794,0.224889572456701
41,1964,32.8881750281405,0
41,1984,33.8364058657644,0.0288319688402438
41,1988,19.9061520707573,-0.394732238753753
41,1996,21.7346375349629,-0.339135190190217
41,2014,25.0055029616449,-0.239681042190724
42,1964,56.2050560681299,0
42,1984,47.951503118527,-0.146847161572052
42,1988,37.1225510513274,-0.339515807860262
42,1996,41.043140873283,-0.269760698689956
42,2014,57.5577883389526,0.0240678039566942
43,1964,73.1775103791488,0
43,1984,56.8211420224529,-0.22351632724248
43,1988,57.3630471202431,-0.216110976951354
43,1996,59.8916561422553,-0.181556521505809
43,2014,67.5433684059633,-0.0769928075441999
46,1964,44.5811632498477,0
46,1984,44.8535786028221,0.00611054833737064
46,1988,26.0145666516269,-0.416467297951993
46,1996,28.0851118297916,-0.370022902444396
46,2014,27.5457417749452,-0.382121511263183
47,1964,70.8818111824921,0
47,1984,75.3009521236183,0.0623452034789101
47,1988,64.2387368018897,-0.0937204378638004
47,1996,66.5327866624032,-0.0613560015966845
47,2014,27.8736009570134,-0.606759470560789
48,1964,74.0237769002095,0
48,1984,71.624326606168,-0.0324145888594164
48,1988,43.2855900744613,-0.415247480106101
48,1996,46.4854003669129,-0.372020689655172
48,2014,35.2589871467379,-0.523680246763549
49,1964,63.7056085285755,0
49,1984,69.5811132840896,0.0922290029280321
49,1988,73.8335534650346,0.158980428417322
49,1996,65.7601904890692,0.0322511943288642
49,2014,70.4606769769139,0.1060356945701
50,1964,42.2976180897696,0
50,1984,48.6402776728724,0.149953114845418
50,1988,48.045142214558,0.135882926376381
50,1996,52.0760608435168,0.231181877263021
50,2014,59.0824969445333,0.396827992042972
52,1964,61.6635733037422,0
52,1999,25.3776872809279,-0.58844929151409
52,2014,28.0289231518273,-0.545454120640032
53,1964,47.9171419488783,0
53,1999,29.0357577667679,-0.394042370103262
53,2014,31.9555270949017,-0.333108658087449
54,1964,55.9144587476728,0
54,1999,25.9367729635424,-0.536134775432805
54,2014,30.2008914190702,-0.459873311921719
55,1964,60.8742481495277,0
55,1999,43.9701627486326,-0.277688610779602
55,2014,49.1283003212061,-0.192954298170051
56,1964,52.2250508751133,0
56,1999,22.0367016686056,-0.57804346191443
56,2014,24.5235709000098,-0.530425141017986
57,1964,30.1867784101809,0
57,1999,18.7571145577069,-0.378631455704436
57,2014,20.6252373545334,-0.316745991431228
58,1964,29.6782330993811,0
58,1999,1.07414979817052,-0.963806814422759
58,2014,2.00838643843951,-0.932327964683268
60,1964,38.4098971809522,0
60,1999,15.9937303897011,-0.583603925978939
60,2014,1.2931339623784,-0.966333313617416
61,1964,56.4524564896001,0
61,1999,30.4284846949665,-0.46098918298494
61,2014,42.3994215902024,-0.248935755381816
62,1964,22.1325202445401,0
62,1999,19.9176581538511,-0.100072746628815
62,2014,25.9095304986944,0.170654322798421
63,1964,59.1900599628923,0
63,1999,43.2386821691524,-0.269494198920228
63,2014,38.2566350088873,-0.353664533658669
64,1964,56.4128135173026,0
64,1999,29.5603448350551,-0.475999458421117
64,2014,35.3264283127153,-0.373787157382601
65,1964,33.6130778980023,0
65,1999,3.92316200094068,-0.883284654477481
65,2014,3.07790703961201,-0.908431264493189
66,1964,74.2397613951438,0
66,1999,16.1772190356249,-0.782094948426342
66,2014,19.6176373208142,-0.735752958358815
67,1964,10.934705929901,0
67,1999,28.4902791073343,1.60549111151015
67,2014,34.5731302464871,2.16177960963238
