"Block","Year","Group","BAPERCM","Trans","Time1"
1,1984,1,0.167654912432263,"1-1",1
2,1984,1,0.233245828698554,"1-1",1
3,1984,1,0.0843836882282042,"1-1",1
4,1984,2,-0.0578518538391371,"1-2",1
5,1984,1,0.145602003048117,"1-1",1
6,1984,1,0.12471523668639,"1-1",1
7,1984,5,-0.845258753202391,"1-5",1
8,1984,4,-0.526882810507524,"1-4",1
9,1984,2,-0.0287423792824385,"1-2",1
10,1984,3,-0.438491842900302,"1-3",1
11,1984,3,-0.398981481481481,"1-3",1
12,1984,1,0.0854180403177864,"1-1",1
13,1984,2,-0.0464265915073024,"1-2",1
14,1984,1,0.182347164573868,"1-1",1
15,1984,2,-0.00864033740421236,"1-2",1
16,1984,4,-0.628264200097994,"1-4",1
17,1984,2,-0.0795939776412123,"1-2",1
18,1984,2,-0.0925065685759328,"1-2",1
19,1984,1,0.083977069150842,"1-1",1
20,1984,1,0.0923341367499682,"1-1",1
21,1984,1,0.0356213384331526,"1-1",1
22,1984,3,-0.271810399338489,"1-3",1
23,1984,1,0.383857916444544,"1-1",1
24,1984,1,0.0519464367465282,"1-1",1
27,1984,1,0.176667237205663,"1-1",1
28,1984,1,0.121547223916539,"1-1",1
29,1984,1,0.21744803252282,"1-1",1
30,1984,4,-0.501711207707465,"1-4",1
31,1984,1,0.116210312138728,"1-1",1
32,1984,1,0.136505479987598,"1-1",1
33,1984,1,0.19023034386224,"1-1",1
34,1984,5,-0.85133868176813,"1-5",1
35,1984,1,0.0649281840779982,"1-1",1
36,1984,1,0.00563136203386457,"1-1",1
37,1984,1,0.0325399818423075,"1-1",1
38,1984,2,-0.00622433200273315,"1-2",1
39,1984,2,-0.139134610879445,"1-2",1
40,1984,1,0.0793517540445877,"1-1",1
41,1984,1,0.0288319688402438,"1-1",1
42,1984,2,-0.146847161572052,"1-2",1
43,1984,2,-0.22351632724248,"1-2",1
46,1984,1,0.00611054833737064,"1-1",1
47,1984,1,0.0623452034789101,"1-1",1
48,1984,2,-0.0324145888594164,"1-2",1
49,1984,1,0.0922290029280321,"1-1",1
50,1984,1,0.149953114845418,"1-1",1
1,1988,3,-0.31498704154559,"1-3",1
2,1988,1,0.26557786429366,"1-1",1
3,1988,1,0.0717440739252711,"1-1",1
4,1988,2,-0.109641036647529,"2-2",2
5,1988,1,0.138865665142608,"1-1",1
6,1988,1,0.128412404902789,"1-1",1
7,1988,5,-0.854872331340734,"5-5",5
8,1988,3,-0.49329922213721,"4-3",4
9,1988,2,-0.00490855138926359,"2-2",2
10,1988,3,-0.422064048338369,"3-3",3
11,1988,3,-0.394574504737295,"3-3",3
12,1988,1,0.0290147543641572,"1-1",1
13,1988,2,-0.0863157159162376,"2-2",2
14,1988,1,0.147536433032616,"1-1",1
15,1988,3,-0.31119760230471,"2-3",2
16,1988,4,-0.59115859415146,"4-4",4
17,1988,2,-0.129121356592352,"2-2",2
18,1988,2,-0.089665599770697,"2-2",2
19,1988,1,0.0818864206377643,"1-1",1
20,1988,1,0.149160218191044,"1-1",1
21,1988,1,0.0315968808500896,"1-1",1
22,1988,2,-0.237196361690744,"3-2",3
23,1988,1,0.41907410005331,"1-1",1
24,1988,1,0.0423134442240196,"1-1",1
27,1988,1,0.0794043572878205,"1-1",1
28,1988,1,0.00442684115051599,"1-1",1
29,1988,1,0.0303267622919386,"1-1",1
30,1988,4,-0.633369837513491,"4-4",4
31,1988,2,-0.230614196531792,"1-2",1
32,1988,3,-0.318129928955634,"1-3",1
33,1988,3,-0.288414511278774,"1-3",1
34,1988,5,-0.942761099212255,"5-5",5
35,1988,3,-0.403257183383121,"1-3",1
36,1988,4,-0.620305377625503,"1-4",1
37,1988,1,0.0534206299322579,"1-1",1
38,1988,1,0.012191894127378,"2-1",2
39,1988,2,-0.186851426697278,"2-2",2
40,1988,2,-0.0475593484183021,"1-2",1
41,1988,3,-0.394732238753753,"1-3",1
42,1988,3,-0.339515807860262,"2-3",2
43,1988,2,-0.216110976951354,"2-2",2
46,1988,3,-0.416467297951993,"1-3",1
47,1988,2,-0.0937204378638004,"1-2",1
48,1988,3,-0.415247480106101,"2-3",2
49,1988,1,0.158980428417322,"1-1",1
50,1988,1,0.135882926376381,"1-1",1
1,1999,3,-0.377315636534988,"3-3",3
2,1999,1,0.0644816462736374,"1-1",1
3,1999,2,-0.108156689433507,"1-2",1
4,1999,2,-0.213459247733004,"2-2",2
5,1999,4,-0.729065244212207,"1-4",1
6,1999,1,0.175468617920541,"1-1",1
8,1999,3,-0.422038064269319,"3-3",3
9,1999,2,-0.225926085783653,"2-2",2
10,1999,3,-0.4042,"3-3",3
11,1999,4,-0.527000861326443,"3-4",3
12,1999,1,0.140582608225693,"1-1",1
13,1999,2,-0.195396333651674,"2-2",2
14,1999,1,0.0702274363976797,"1-1",1
15,1999,3,-0.302601100880871,"3-3",3
16,1999,4,-0.546733589072527,"4-4",4
17,1999,3,-0.49327601252974,"2-3",2
18,1999,1,0.0290760999378971,"2-1",2
19,1999,1,0.0646649946255822,"1-1",1
20,1999,1,0.277651274895344,"1-1",1
21,1999,1,0.047897536733512,"1-1",1
22,1999,3,-0.428237268349628,"2-3",2
23,1999,1,0.453433966499257,"1-1",1
24,1999,1,0.0733278650999542,"1-1",1
27,1999,1,0.207048927794214,"1-1",1
28,1999,2,-0.0144725481032011,"1-2",1
29,1999,1,0.0157344481092276,"1-1",1
30,1999,5,-0.876016753636391,"4-5",4
31,1999,5,-0.923746404624277,"2-5",2
32,1999,3,-0.479007266207417,"3-3",3
33,1999,3,-0.299444867446529,"3-3",3
34,1999,5,-0.862474074611875,"5-5",5
35,1999,3,-0.37615324550658,"3-3",3
36,1999,4,-0.590081930582452,"4-4",4
37,1999,1,0.167888120678818,"1-1",1
38,1999,1,0.100024094652426,"1-1",1
39,1999,2,-0.138158178325446,"2-2",2
40,1999,1,0.0206627008394952,"2-1",2
41,1999,3,-0.339135190190217,"3-3",3
42,1999,3,-0.269760698689956,"3-3",3
43,1999,2,-0.181556521505809,"2-2",2
46,1999,3,-0.370022902444396,"3-3",3
47,1999,2,-0.0613560015966845,"2-2",2
48,1999,3,-0.372020689655172,"3-3",3
49,1999,1,0.0322511943288642,"1-1",1
50,1999,1,0.231181877263021,"1-1",1
52,1999,4,-0.58844929151409,"1-4",1
53,1999,3,-0.394042370103262,"1-3",1
54,1999,4,-0.536134775432805,"1-4",1
55,1999,3,-0.277688610779602,"1-3",1
56,1999,4,-0.57804346191443,"1-4",1
57,1999,3,-0.378631455704436,"1-3",1
58,1999,5,-0.963806814422759,"1-5",1
60,1999,4,-0.583603925978939,"1-4",1
61,1999,3,-0.46098918298494,"1-3",1
62,1999,2,-0.100072746628815,"1-2",1
63,1999,3,-0.269494198920228,"1-3",1
64,1999,3,-0.475999458421117,"1-3",1
65,1999,5,-0.883284654477481,"1-5",1
66,1999,5,-0.782094948426342,"1-5",1
67,1999,1,1.60549111151015,"1-1",1
1,2014,3,-0.298054588931782,"3-3",3
2,2014,1,0.303419812363054,"1-1",1
3,2014,3,-0.318521359638544,"2-3",2
4,2014,4,-0.528780656075698,"2-4",2
5,2014,4,-0.681866631134225,"4-4",4
6,2014,1,0.282724953775935,"1-1",1
8,2014,4,-0.695417883766564,"3-4",3
9,2014,2,-0.0129097030240411,"2-2",2
10,2014,3,-0.357323750467674,"3-3",3
11,2014,3,-0.401879883953669,"4-3",4
12,2014,1,0.388964856025472,"1-1",1
13,2014,1,0.00381042641737211,"2-1",2
14,2014,1,0.284051226872764,"1-1",1
15,2014,3,-0.260893915001865,"3-3",3
16,2014,3,-0.427952247764806,"4-3",4
17,2014,3,-0.468468933857911,"3-3",3
18,2014,1,0.100729850465203,"1-1",1
19,2014,1,0.273052407234928,"1-1",1
20,2014,1,0.479568081878143,"1-1",1
21,2014,1,0.145112295179513,"1-1",1
22,2014,3,-0.312212026622467,"3-3",3
23,2014,1,0.423804199991358,"1-1",1
24,2014,4,-0.660281026066,"1-4",1
27,2014,1,0.497124164454586,"1-1",1
28,2014,1,0.0399348680743514,"2-1",2
29,2014,1,0.0925582063864558,"1-1",1
30,2014,5,-0.815198419779212,"5-5",5
31,2014,4,-0.696555588346923,"5-4",5
32,2014,3,-0.281653446697361,"3-3",3
33,2014,2,-0.248045376939551,"3-2",3
34,2014,5,-0.787794519577894,"5-5",5
35,2014,3,-0.313047121927291,"3-3",3
36,2014,3,-0.470727749641554,"4-3",4
37,2014,1,0.206600570249109,"1-1",1
38,2014,2,-0.0168334453762934,"1-2",1
39,2014,3,-0.344557378866798,"2-3",2
40,2014,1,0.224889572456701,"1-1",1
41,2014,2,-0.239681042190724,"3-2",3
42,2014,1,0.0240678039566942,"3-1",3
43,2014,2,-0.0769928075441999,"2-2",2
46,2014,3,-0.382121511263183,"3-3",3
47,2014,4,-0.606759470560789,"2-4",2
48,2014,4,-0.523680246763549,"3-4",3
49,2014,1,0.1060356945701,"1-1",1
50,2014,1,0.396827992042972,"1-1",1
52,2014,4,-0.545454120640032,"4-4",4
53,2014,3,-0.333108658087449,"3-3",3
54,2014,3,-0.459873311921719,"4-3",4
55,2014,2,-0.192954298170051,"3-2",3
56,2014,4,-0.530425141017986,"4-4",4
57,2014,3,-0.316745991431228,"3-3",3
58,2014,5,-0.932327964683268,"5-5",5
60,2014,5,-0.966333313617416,"4-5",4
61,2014,2,-0.248935755381816,"3-2",3
62,2014,1,0.170654322798421,"2-1",2
63,2014,3,-0.353664533658669,"3-3",3
64,2014,3,-0.373787157382601,"3-3",3
65,2014,5,-0.908431264493189,"5-5",5
66,2014,4,-0.735752958358815,"5-4",5
67,2014,1,2.16177960963238,"1-1",1
